amazon link,Camel link
https://www.amazon.com/Asmodee-SPL01-Splendor/dp/B00IZEUFIA/ref=sr_1_26?crid=7DDYMWNOZB53&dchild=1&keywords=board+games&qid=1592375576&s=toys-and-games&sprefix=board%2Caps%2C201&sr=1-26,https://camelcamelcamel.com/product/B00IZEUFIA
https://www.amazon.com/Wonder-Forge-Disney-Villainous-Strategy/dp/B07DLGD9K6/ref=sr_1_21?crid=7DDYMWNOZB53&dchild=1&keywords=board+games&qid=1592375576&s=toys-and-games&sprefix=board%2Caps%2C201&sr=1-21,https://camelcamelcamel.com/product/B07DLGD9K6
https://www.amazon.com/Hasbro-Gaming-A8166-Scrabble-Game/dp/B00IL5XY9K/ref=sr_1_17?crid=7DDYMWNOZB53&dchild=1&keywords=board+games&qid=1592375576&s=toys-and-games&sprefix=board%2Caps%2C201&sr=1-17,https://camelcamelcamel.com/product/B00IL5XY9K
https://www.amazon.com/Ravensburger-Labyrinth-Board-Game-Adults/dp/B00000J0JF/ref=sr_1_18?crid=7DDYMWNOZB53&dchild=1&keywords=board+games&qid=1592375576&s=toys-and-games&sprefix=board%2Caps%2C201&sr=1-18,https://camelcamelcamel.com/product/B00000J0JF
https://www.amazon.com/Czech-Games-00031CGE-Codenames/dp/B014Q1XX9S/ref=sr_1_19?crid=7DDYMWNOZB53&dchild=1&keywords=board+games&qid=1592375576&s=toys-and-games&sprefix=board%2Caps%2C201&sr=1-19,https://camelcamelcamel.com/product/B014Q1XX9S
https://www.amazon.com/Jenga-A2120EU4-Classic-Game/dp/B00ABA0ZOA/ref=sr_1_20?crid=7DDYMWNOZB53&dchild=1&keywords=board+games&qid=1592375576&s=toys-and-games&sprefix=board%2Caps%2C201&sr=1-20,https://camelcamelcamel.com/product/B00ABA0ZOA
https://www.amazon.com/Hasbro-Guess-Who-Classic-Game/dp/B01N6PRX20/ref=sr_1_12?crid=7DDYMWNOZB53&dchild=1&keywords=board+games&qid=1592375576&s=toys-and-games&sprefix=board%2Caps%2C201&sr=1-12,https://camelcamelcamel.com/product/B01N6PRX20
https://www.amazon.com/Hasbro-A5826079-Clue-Game/dp/B01JYVHMVA/ref=sr_1_11?crid=7DDYMWNOZB53&dchild=1&keywords=board+games&qid=1592375576&s=toys-and-games&sprefix=board%2Caps%2C201&sr=1-11,https://camelcamelcamel.com/product/B01JYVHMVA
https://www.amazon.com/Z-Man-Games-ZM7101-Pandemic/dp/B00A2HD40E/ref=sr_1_10?crid=7DDYMWNOZB53&dchild=1&keywords=board+games&qid=1592375576&s=toys-and-games&sprefix=board%2Caps%2C201&sr=1-10,https://camelcamelcamel.com/product/B00A2HD40E
https://www.amazon.com/Throw-Burrito-Dodgeball-Exploding-Kittens/dp/B07TS96J7Q/ref=sr_1_6?crid=7DDYMWNOZB53&dchild=1&keywords=board+games&qid=1592375576&s=toys-and-games&sprefix=board%2Caps%2C201&sr=1-6,https://camelcamelcamel.com/product/B07TS96J7Q
https://www.amazon.com/Exploding-Kittens-LLC-EKG-ORG1-1-Card/dp/B010TQY7A8/ref=sr_1_8?crid=7DDYMWNOZB53&dchild=1&keywords=board+games&qid=1592375576&s=toys-and-games&sprefix=board%2Caps%2C201&sr=1-8,https://camelcamelcamel.com/product/B010TQY7A8
https://www.amazon.com/Hasbro-E4304000-Game-of-Life/dp/B07B7KS87Q/ref=sr_1_7?crid=7DDYMWNOZB53&dchild=1&keywords=board+games&qid=1592375576&s=toys-and-games&sprefix=board%2Caps%2C201&sr=1-7,https://camelcamelcamel.com/product/B07B7KS87Q
https://www.amazon.com/Z-Man-Games-ZM7810-Carcassonne/dp/B00NX627HW/ref=sr_1_9?crid=7DDYMWNOZB53&dchild=1&keywords=board+games&qid=1592375576&s=toys-and-games&sprefix=board%2Caps%2C201&sr=1-9,https://camelcamelcamel.com/product/B00NX627HW
https://www.amazon.com/Days-Wonder-DO7201-Ticket-Ride/dp/0975277324/ref=sxin_9?ascsubtag=amzn1.osa.6c880e8c-815f-44d8-8c74-17a9bcfe3e67.ATVPDKIKX0DER.en_US&creativeASIN=0975277324&crid=7DDYMWNOZB53&cv_ct_cx=board+games&cv_ct_id=amzn1.osa.6c880e8c-815f-44d8-8c74-17a9bcfe3e67.ATVPDKIKX0DER.en_US&cv_ct_pg=search&cv_ct_wn=osp-single-source-pr&dchild=1&keywords=board+games&linkCode=oas&pd_rd_i=0975277324&pd_rd_r=d1de7721-b71a-4ae9-8576-3643d1055c17&pd_rd_w=uSqGo&pd_rd_wg=vSd67&pf_rd_p=9ebd9ae2-bfc3-4cf2-a615-92a580f06e16&pf_rd_r=8ZW54C7174M8N9XR4WM8&qid=1592375576&s=toys-and-games&sprefix=board%2Caps%2C201&sr=1-4-8721a5c9-6336-4af6-a717-e9b9e6c2f75f&tag=gearpublish-20,https://camelcamelcamel.com/product/0975277324
https://www.amazon.com/What-Do-You-Meme-Party/dp/B01MRG7T0D/ref=sxin_9?ascsubtag=amzn1.osa.6c880e8c-815f-44d8-8c74-17a9bcfe3e67.ATVPDKIKX0DER.en_US&creativeASIN=B01MRG7T0D&crid=7DDYMWNOZB53&cv_ct_cx=board+games&cv_ct_id=amzn1.osa.6c880e8c-815f-44d8-8c74-17a9bcfe3e67.ATVPDKIKX0DER.en_US&cv_ct_pg=search&cv_ct_wn=osp-single-source-pr&dchild=1&keywords=board+games&linkCode=oas&pd_rd_i=B01MRG7T0D&pd_rd_r=d1de7721-b71a-4ae9-8576-3643d1055c17&pd_rd_w=uSqGo&pd_rd_wg=vSd67&pf_rd_p=9ebd9ae2-bfc3-4cf2-a615-92a580f06e16&pf_rd_r=8ZW54C7174M8N9XR4WM8&qid=1592375576&s=toys-and-games&sprefix=board%2Caps%2C201&sr=1-1-8721a5c9-6336-4af6-a717-e9b9e6c2f75f&tag=gearpublish-20,https://camelcamelcamel.com/product/B01MRG7T0D
https://www.amazon.com/Cards-Against-Humanity-LLC-CAHUS/dp/B004S8F7QM/ref=sxin_9?ascsubtag=amzn1.osa.6c880e8c-815f-44d8-8c74-17a9bcfe3e67.ATVPDKIKX0DER.en_US&creativeASIN=B004S8F7QM&crid=7DDYMWNOZB53&cv_ct_cx=board+games&cv_ct_id=amzn1.osa.6c880e8c-815f-44d8-8c74-17a9bcfe3e67.ATVPDKIKX0DER.en_US&cv_ct_pg=search&cv_ct_wn=osp-single-source-pr&dchild=1&keywords=board+games&linkCode=oas&pd_rd_i=B004S8F7QM&pd_rd_r=d1de7721-b71a-4ae9-8576-3643d1055c17&pd_rd_w=uSqGo&pd_rd_wg=vSd67&pf_rd_p=9ebd9ae2-bfc3-4cf2-a615-92a580f06e16&pf_rd_r=8ZW54C7174M8N9XR4WM8&qid=1592375576&s=toys-and-games&sprefix=board%2Caps%2C201&sr=1-3-8721a5c9-6336-4af6-a717-e9b9e6c2f75f&tag=gearpublish-20,https://camelcamelcamel.com/product/B004S8F7QM
https://www.amazon.com/Hasbro-Gaming-C1009-Monopoly-Classic/dp/B01MU9K3XU/ref=sr_1_5?crid=7DDYMWNOZB53&dchild=1&keywords=board+games&qid=1592375576&s=toys-and-games&sprefix=board%2Caps%2C201&sr=1-5,https://camelcamelcamel.com/product/B01MU9K3XU
https://www.amazon.com/Hasbro-A5640-Connect-4-Game/dp/B00D8STBHY/ref=sr_1_4?crid=7DDYMWNOZB53&dchild=1&keywords=board+games&qid=1592375576&s=toys-and-games&sprefix=board%2Caps%2C201&sr=1-4,https://camelcamelcamel.com/product/B00D8STBHY
https://www.amazon.com/Jax-8002-Sequence-Game/dp/B00000IVAK/ref=sr_1_3?crid=7DDYMWNOZB53&dchild=1&keywords=board+games&qid=1592375576&s=toys-and-games&sprefix=board%2Caps%2C201&sr=1-3,https://camelcamelcamel.com/product/B00000IVAK
https://www.amazon.com/Catan-Studios-cantan2017/dp/B00U26V4VQ/ref=sr_1_2?crid=7DDYMWNOZB53&dchild=1&keywords=board+games&qid=1592375576&s=toys-and-games&sprefix=board%2Caps%2C201&sr=1-2,https://camelcamelcamel.com/product/B00U26V4VQ
https://www.amazon.com/PlayMonster-Second-Rule-Game-NEW/dp/B07D5QHKJN/ref=sr_1_29?crid=7DDYMWNOZB53&dchild=1&keywords=board+games&qid=1592375630&s=toys-and-games&sprefix=board%2Caps%2C201&sr=1-29,https://camelcamelcamel.com/product/B07D5QHKJN
https://www.amazon.com/Watch-Ya-Mouth-Original-Mouthpiece/dp/B01IWALX00/ref=sr_1_31?crid=7DDYMWNOZB53&dchild=1&keywords=board+games&qid=1592375630&s=toys-and-games&sprefix=board%2Caps%2C201&sr=1-31,https://camelcamelcamel.com/product/B01IWALX00
https://www.amazon.com/Monopoly-Game-Thrones-Board-Adults/dp/B07K968Q1C/ref=sr_1_30?crid=7DDYMWNOZB53&dchild=1&keywords=board+games&qid=1592375630&s=toys-and-games&sprefix=board%2Caps%2C201&sr=1-30,https://camelcamelcamel.com/product/B07K968Q1C
https://www.amazon.com/Mattel-Games-Official-Amazon-Exclusive/dp/B07P6MZPK3/ref=sr_1_32?crid=7DDYMWNOZB53&dchild=1&keywords=board+games&qid=1592375630&s=toys-and-games&sprefix=board%2Caps%2C201&sr=1-32,https://camelcamelcamel.com/product/B07P6MZPK3
https://www.amazon.com/Rummikub-Original-Rummy-Tile-Game/dp/B00000IZJB/ref=sr_1_33?crid=7DDYMWNOZB53&dchild=1&keywords=board+games&qid=1592375630&s=toys-and-games&sprefix=board%2Caps%2C201&sr=1-33,https://camelcamelcamel.com/product/B00000IZJB
https://www.amazon.com/Hasbro-A5064-Trouble-Game/dp/B00D7OAOYI/ref=sr_1_37?crid=7DDYMWNOZB53&dchild=1&keywords=board+games&qid=1592375630&s=toys-and-games&sprefix=board%2Caps%2C201&sr=1-37,https://camelcamelcamel.com/product/B00D7OAOYI
https://www.amazon.com/Hasbro-A3264-Battleship-Game/dp/B00C0ULS3G/ref=sr_1_38?crid=7DDYMWNOZB53&dchild=1&keywords=board+games&qid=1592375630&s=toys-and-games&sprefix=board%2Caps%2C201&sr=1-38,https://camelcamelcamel.com/product/B00C0ULS3G
https://www.amazon.com/Hasbro-B2848-Retro-Clue-1986/dp/B013TO5PDU/ref=sr_1_39?crid=7DDYMWNOZB53&dchild=1&keywords=board+games&qid=1592375630&s=toys-and-games&sprefix=board%2Caps%2C201&sr=1-39,https://camelcamelcamel.com/product/B013TO5PDU
https://www.amazon.com/Cherry-Board-Players-Amazon-Exclusive/dp/B00000IWGQ/ref=sr_1_47?crid=7DDYMWNOZB53&dchild=1&keywords=board+games&qid=1592375630&s=toys-and-games&sprefix=board%2Caps%2C201&sr=1-47,https://camelcamelcamel.com/product/B00000IWGQ
https://www.amazon.com/Hasbro-B0325-Scrabble-Junior-Game/dp/B00NQQTXU8/ref=sr_1_49?crid=7DDYMWNOZB53&dchild=1&keywords=board+games&qid=1592375630&s=toys-and-games&sprefix=board%2Caps%2C201&sr=1-49,https://camelcamelcamel.com/product/B00NQQTXU8
https://www.amazon.com/Hasbro-Gaming-Game-Life-Junior/dp/B00NQQTXW6/ref=sr_1_50?crid=7DDYMWNOZB53&dchild=1&keywords=board+games&qid=1592375630&s=toys-and-games&sprefix=board%2Caps%2C201&sr=1-50,https://camelcamelcamel.com/product/B00NQQTXW6
https://www.amazon.com/Unstable-Unicorns-TEE3678UUBSG1-Base-Game/dp/B07BMLQBM1/ref=sr_1_53?crid=7DDYMWNOZB53&dchild=1&keywords=board+games&qid=1592375630&s=toys-and-games&sprefix=board%2Caps%2C201&sr=1-53,https://camelcamelcamel.com/product/B07BMLQBM1
https://www.amazon.com/Gut-Bustin-Games-GBG-1003/dp/B000P69H62/ref=sr_1_54?crid=7DDYMWNOZB53&dchild=1&keywords=board+games&qid=1592375630&s=toys-and-games&sprefix=board%2Caps%2C201&sr=1-54,https://camelcamelcamel.com/product/B000P69H62
https://www.amazon.com/Plan-Games-Azul-Board-Game/dp/B077MZ2MPW/ref=sr_1_53?crid=7DDYMWNOZB53&dchild=1&keywords=board+games&qid=1592375668&s=toys-and-games&sprefix=board%2Caps%2C201&sr=1-53,https://camelcamelcamel.com/product/B077MZ2MPW
https://www.amazon.com/University-Games-1360-Smart-Ass/dp/B000NP4832/ref=sr_1_55?crid=7DDYMWNOZB53&dchild=1&keywords=board+games&qid=1592375668&s=toys-and-games&sprefix=board%2Caps%2C201&sr=1-55,https://camelcamelcamel.com/product/B000NP4832
https://www.amazon.com/Hasbro-A5226-Scattergories-Game/dp/B00D8VHJKC/ref=sr_1_56?crid=7DDYMWNOZB53&dchild=1&keywords=board+games&qid=1592375668&s=toys-and-games&sprefix=board%2Caps%2C201&sr=1-56,https://camelcamelcamel.com/product/B00D8VHJKC
https://www.amazon.com/World-Disney-Found-Board-Game/dp/B00BYD5JMG/ref=sr_1_59?crid=7DDYMWNOZB53&dchild=1&keywords=board+games&qid=1592375668&s=toys-and-games&sprefix=board%2Caps%2C201&sr=1-59,https://camelcamelcamel.com/product/B00BYD5JMG
https://www.amazon.com/USAopoly-Telestrations-Original-Hilarious-Telephone/dp/B001SN8GF4/ref=sr_1_60?crid=7DDYMWNOZB53&dchild=1&keywords=board+games&qid=1592375668&s=toys-and-games&sprefix=board%2Caps%2C201&sr=1-60,https://camelcamelcamel.com/product/B001SN8GF4
https://www.amazon.com/PlayMonster-7424-Second-Rule-Junior/dp/B00UPAYY70/ref=sr_1_62?crid=7DDYMWNOZB53&dchild=1&keywords=board+games&qid=1592375668&s=toys-and-games&sprefix=board%2Caps%2C201&sr=1-62,https://camelcamelcamel.com/product/B00UPAYY70
https://www.amazon.com/Hasbro-A4626-Taboo-Board-Game/dp/B00D4NJSBW/ref=sr_1_63?crid=7DDYMWNOZB53&dchild=1&keywords=board+games&qid=1592375668&s=toys-and-games&sprefix=board%2Caps%2C201&sr=1-63,https://camelcamelcamel.com/product/B00D4NJSBW
https://www.amazon.com/Dont-Break-the-Ice-Game/dp/B01MS6B7BV/ref=sr_1_72?crid=7DDYMWNOZB53&dchild=1&keywords=board+games&qid=1592375668&s=toys-and-games&sprefix=board%2Caps%2C201&sr=1-72,https://camelcamelcamel.com/product/B01MS6B7BV
https://www.amazon.com/Hasbro-B2176-Classic-Operation-Game/dp/B01JF1VRL0/ref=sr_1_77?crid=7DDYMWNOZB53&dchild=1&keywords=board+games&qid=1592375668&s=toys-and-games&sprefix=board%2Caps%2C201&sr=1-77,https://camelcamelcamel.com/product/B01JF1VRL0
https://www.amazon.com/Hasbro-Gaming-00950-Yahtzee/dp/B00TLEMRKM/ref=sr_1_78?crid=7DDYMWNOZB53&dchild=1&keywords=board+games&qid=1592375785&s=toys-and-games&sprefix=board%2Caps%2C201&sr=1-78,https://camelcamelcamel.com/product/B00TLEMRKM
https://www.amazon.com/Battleship-Planes-Strategy-Amazon-Exclusive/dp/B06Y1N3PTX/ref=sr_1_81?crid=7DDYMWNOZB53&dchild=1&keywords=board+games&qid=1592375785&s=toys-and-games&sprefix=board%2Caps%2C201&sr=1-81,https://camelcamelcamel.com/product/B06Y1N3PTX
https://www.amazon.com/MindWare-MDS-32016W-Qwirkle-Board/dp/1933054395/ref=sr_1_82?crid=7DDYMWNOZB53&dchild=1&keywords=board+games&qid=1592375785&s=toys-and-games&sprefix=board%2Caps%2C201&sr=1-82,https://camelcamelcamel.com/product/1933054395
https://www.amazon.com/Asmodee-5511788-7-Wonders/dp/B0043KJW5M/ref=sr_1_93?crid=7DDYMWNOZB53&dchild=1&keywords=board+games&qid=1592375785&s=toys-and-games&sprefix=board%2Caps%2C201&sr=1-93,https://camelcamelcamel.com/product/B0043KJW5M
https://www.amazon.com/HedBanz-Game-Family-Guessing-vary/dp/B003AIM52A/ref=sr_1_101?crid=7DDYMWNOZB53&dchild=1&keywords=board+games&qid=1592375785&s=toys-and-games&sprefix=board%2Caps%2C201&sr=1-101,https://camelcamelcamel.com/product/B003AIM52A
https://www.amazon.com/Mouse-Trap-Game-Amazon-Exclusive/dp/B00000DMFD/ref=pd_sbs_21_12?_encoding=UTF8&pd_rd_i=B00000DMFD&pd_rd_r=5c77989a-3032-47e9-acbd-0a6fd5de0022&pd_rd_w=QVCKs&pd_rd_wg=ud7IC&pf_rd_p=bdc67ba8-ab69-42ee-b8d8-8f5336b36a83&pf_rd_r=175XCWDPN668XWMEBQAF&psc=1&refRID=175XCWDPN668XWMEBQAF,https://camelcamelcamel.com/product/B00000DMFD
https://www.amazon.com/Hasbro-Gaming-Kingdom-Adventures-Exclusive/dp/B00000DMF5/ref=sr_1_162?dchild=1&qid=1592379753&s=toys-and-games&sr=1-162,https://camelcamelcamel.com/product/B00000DMF5
https://www.amazon.com/Ticket-Ride-USA-1910-Expansion/dp/B000K8FYAS/ref=sr_1_149?dchild=1&qid=1592379753&s=toys-and-games&sr=1-149,https://camelcamelcamel.com/product/B000K8FYAS
